username,content,date,reply_usernames,is_relevant,relevance_category,event_type,matched_keywords
@ICC,"New Zealand skipper Sophie Devine hopes to finish off in style in#CWC25âœ¨
Catch her in action at the World Cup, broadcast details  ğŸ“ºbit.ly/46pHqKcMore ğŸ‘‰icc-cricket.com/tournaments/â€¦","Oct 1, 2025 Â· 12:30 AM UTC","@sportbuzzlive24, @TahirBijnori, @sakinakhan110, @sakinakhan110, @AMIgo9012",Yes,Relevant,Cricket World Cup 2025,"['world cup', 'cwc', 'cwc25']"
@YogKumarDev,techgadgetyard.blogspot.com/â€¦,"Oct 1, 2025 Â· 12:30 AM UTC",,No,Irrelevant,None,
@1xBet_in,"ğŸ‘‘ All ICC Womenâ€™s Cricket World Cup Winners (1973â€“2022) ğŸ‘‘
Now the question is: Who will be crowned champion in 2025? ğŸ¤”ğŸ”¥
Drop your predictions below ğŸ‘‡","Oct 1, 2025 Â· 12:21 AM UTC",,Yes,Relevant,Cricket World Cup 2025,"['world cup', 'cricket world cup']"
@ergomeow,Women's Cricket World Cup 2025 Begins!#GoogleDoodledoodles.google/doodle/womensâ€¦,"Oct 1, 2025 Â· 12:02 AM UTC",,Yes,Relevant,Cricket World Cup 2025,"['world cup', 'cricket world cup', 'world cup 2025']"
@TheCricketerMag,"""I'm also at a similar age to the younger girls that have come through, and it's easy, because of that, to build connections.""#CWC25thecricketer.com/Topics/womeâ€¦","Sep 30, 2025 Â· 11:16 PM UTC",,Yes,Relevant,Cricket World Cup 2025,"['cwc', 'cwc25']"
@TheAusToday,"Exiled Afghan women cricketers living in Australia to attend World Cup opener in India 
In March 2025, after receiving The Australia Today International Womenâ€™s Day Award in Sports, the Afghan womenâ€™s cricket team members were also felicitated by the Indian High Commission in Canberra.
Read more:theaustraliatoday.com.au/exiâ€¦@DrAmitSarwal@Pallavi_Aus@HCICanberra@AusHCIndia@narendramodi@AlboMP@BCCI@BCCIWomen@CricketAus@assamcric@rishi_suri@WazhmaAyoubi@JacintaAllanMP@NatHutchins@firoza_amiri","Sep 30, 2025 Â· 11:06 PM UTC",,Yes,Relevant,Cricket World Cup 2025,"['world cup', 'world cup opener']"
@Thezaurus_,Why Phoebe Litchfield's first ODI World Cup could signal a new era in Australian cricketabc.net.au/news/2025-10-01/pâ€¦,"Sep 30, 2025 Â· 11:03 PM UTC",,Yes,Relevant,Cricket World Cup 2025,['world cup']
@hack1872,"icc-cricket.com/tournaments/â€¦- Good start for the women of#IndianCricketwith their kickoff win in the#WomensCricketWorldCup. I'm rooting for them to win the tournament, something they haven't done in their history.","Sep 30, 2025 Â· 11:02 PM UTC",,Yes,Relevant,Cricket World Cup 2025,['cricketworldcup']
@TheWesalTV,Ø¯ Ø§ÙØºØ§Ù† ÚšÚÛŒÙ†Ù‡ Ú©Ø±Ú©Ù¼ Û±Û· Ù¾Ø®ÙˆØ§Ù†ÛŒÙˆ â€ŒÙ„ÙˆØ¨ØºØ§Ú“Ùˆ Ù†Ù† Ø³Ù‡ Ø´Ù†Ø¨Ù‡ØŒ Ø¯ Û²Û°Û²Ûµ Ú©Ø§Ù„ Ø¯ ÚšÚÙˆ Ø¯ Ù†Ú“ÛŒÙˆØ§Ù„ Ø¬Ø§Ù… Ø¯ Ù¾Ø±Ø§Ù†ÛŒØ³ØªÙˆÙ†Ú©Û Ù„ÙˆØ¨Û Ù†Ù†Ø¯Ø§Ø±Ù‡ ÙˆÚ©Ú“Ù‡ Ú†Û Ø¯ Ù‡Ù†Ø¯ Ø§Ùˆ Ø³Ø±ÙŠÙ„Ø§Ù†Ú©Ø§ ØªØ±Ù…Ù†Ú Ø¯ Ú«ÙˆÙ‡Ø§Ù¼ÙŠ Ù¾Ù‡ Ø¨Ø§Ø±Ø³Ø§Ù¾Ø§Ø± Ú©Ø±Ú©Ù¼ Ù„ÙˆØ¨ØºØ§Ù„ÙŠ Ú©Û ØªØ±Ø³Ø±Ù‡ Ø´ÙˆÙ‡.wesal.info/ps/2025/10/01/afgâ€¦,"Sep 30, 2025 Â· 10:55 PM UTC",,No,Irrelevant,None,
@TheCricketerMag,"""Sawyer is looking to take their trans-Tasman rivals all the way as New Zealand look to add another global title to the T20 World Cup they won last year"" | âœï¸@Womble101#CWC25thecricketer.com/Topics/womeâ€¦","Sep 30, 2025 Â· 10:15 PM UTC",@JohnBowen155203,Yes,Relevant,Cricket World Cup 2025,"['world cup', 'cwc', 'cwc25']"
@RahulKu19220927,"Welcome to Guwahati, Shreya Ghoshal ji! ğŸŒ¸âœ¨ Your enchanting performance at the ICC Womenâ€™s Cricket World Cup 2025 has truly added magic to the event. ğŸ¶ğŸ’– The people of Assam are overjoyed to have you hereâ€”your voice always touches our hearts. â¤ï¸ğŸ¤","Sep 30, 2025 Â· 10:05 PM UTC",,Yes,Relevant,Cricket World Cup 2025,"['world cup', 'cricket world cup', 'world cup 2025']"
@TSF_Com,Jos Buttler: â€˜A big burden has been lifted â€“ I wasnâ€™t the same leader after the 2023 World Cupâ€™theguardian.com/sport/2025/sâ€¦,"Sep 30, 2025 Â· 10:05 PM UTC",@MinniePugliesi,Yes,Relevant,Cricket World Cup 2025,['world cup']
@cricexec,"ğŸ† Nat Sciver-Brunt on India 2025:
â€œThis could be a seismic moment for womenâ€™s cricket.â€ ğŸ‡®ğŸ‡³ğŸ”¥
The England captain believes a home World Cup in India could be the game-changer the sport has been waiting for.
ğŸ”— Full story:cricexec.com/nat-sciver-brunâ€¦@ICC@cricketworldcup@ECB_cricket@englandcricket@natsciver#WWC2025#NatSciverBrunt#Cricket","Sep 30, 2025 Â· 10:00 PM UTC",,Yes,Relevant,Cricket World Cup 2025,"['world cup', 'wwc2025', 'cricketworldcup']"
@VtvGujarati,"àªµàª°à«àª²à«àª¡ àª•àªªàª®àª¾àª‚ àª­àª¾àª°àª¤àª¨à«€ àªµàª¿àªœàª¯à«€ àª¶àª°à«‚àª†àª¤, àªªàª¹à«‡àª²à«€ àª®à«‡àªšàª®àª¾àª‚ àª¶à«àª°à«€àª²àª‚àª•àª¾ àª¸àª¾àª®à«‡ 59 àª°àª¨àª¥à«€ àªœà«€àª¤#Sports#Cricket#ICC#WomensWorldCup2025#IndiaSriLankaMatch#WomensIndianTeamvtvgujarati.com/news-detailsâ€¦","Sep 30, 2025 Â· 9:20 PM UTC",,No,Irrelevant,None,
@phoenix_2828282,Handover of trophy via host country's representative is a customary protocol but winner receiving the trophy is a mandatory ICC requirement.#Indiadeserves its ICC Men's Cricket World Cup 2025 trophy.@ACCMedia1@MohsinnaqviC42@TheRealPCB@ICC@BCCI@ShuklaRajiv,"Sep 30, 2025 Â· 9:11 PM UTC",,Yes,Relevant,Cricket World Cup 2025,"['world cup', 'cricket world cup', 'world cup 2025']"
@lokmat,"à¤¬à¥…à¤Ÿà¤¿à¤‚à¤—à¤¨à¤‚à¤¤à¤° à¤¬à¥‰à¤²à¤¿à¤‚à¤—à¤®à¤§à¥à¤¯à¥‡à¤¹à¥€ à¤¸à¥‹à¤¡à¤²à¥€ à¤›à¤¾à¤ª, à¤¦à¥€à¤ªà¥à¤¤à¥€à¤šà¥à¤¯à¤¾ à¤¨à¤¾à¤µà¥‡ à¤à¤¾à¤²à¤¾ à¤–à¤¾à¤¸ à¤°à¥‡à¤•à¥‰à¤°à¥à¤¡#ICCWomensWorldCup#DeeptiSharma#INDvsSLlokmat.com/cricket/news/icc-â€¦","Sep 30, 2025 Â· 9:02 PM UTC",,No,Irrelevant,None,
@_hypocaust,"Stats highlights and trivia from the opening game of the 2025 Women's Cricket World Cup, in which India saw off co-hosts Sri Lanka in a rain affected game at Guwahati.#CWC25emergencycricketblog.wordpreâ€¦","Sep 30, 2025 Â· 8:56 PM UTC",,Yes,Relevant,Cricket World Cup 2025,"['world cup', 'cricket world cup', 'cwc', 'cwc25']"
@_hypocaust,"Women's Cricket World Cup highlights.
Match 1 - India v Sri Lanka.#INDvSL#CWC25icc-cricket.com/tournaments/â€¦","Sep 30, 2025 Â· 8:37 PM UTC",,Yes,Relevant,Cricket World Cup 2025,"['world cup', 'cricket world cup', 'cwc', 'cwc25']"
@dwivediachyut41,"#DurgaAshtamià¤ªà¤° à¤­à¤¾à¤°à¤¤ à¤•à¥€ à¤¬à¤¹à¤¾à¤¦à¥à¤° à¤¬à¥‡à¤Ÿà¤¿à¤¯à¥‹à¤‚ à¤¨à¥‡ ICC Women's Cricket World Cup 2025 à¤®à¥‡à¤‚ Sri Lanka à¤•à¥‹ à¤•à¤°à¤¾à¤°à¥€ à¤¶à¤¿à¤•à¤¸à¥à¤¤ à¤¦à¥€....
Deepti Sharma à¤¬à¤¨à¥€à¤‚ Player of the Match#INDvsSL#wcwc25#Womensworldcup2025#ICCWomensWorldCup#DeeptiSharma","Sep 30, 2025 Â· 8:35 PM UTC",,Yes,Relevant,Cricket World Cup 2025,"['world cup', 'cricket world cup', 'cwc', 'cwc25', 'world cup 2025']"
@donaldgmcrae,"I appreciated@josbuttlertalking so openly about the passing years, as a 35-year-old, the death of his father, helping England pass 300 in a T20 world first, the pain of captaincy, shedding that burden, new ambitions and why his bat still says 'fuck it'.theguardian.com/sport/2025/sâ€¦","Sep 30, 2025 Â· 8:03 PM UTC",,No,Irrelevant,None,
@butterwordblog,ICC Women's Cricket World Cup 2025: Deepti Sharma y Amanjot Kaur impresionan mientras India venciÃ³ a Sri Lanka en el primer partido#Amanjot#cricket#Cup#Deepti#ICC#impresionan#India#Kaur#Lanka#mientras#Partido#primer#Sharma#Sri#venciÃ³#wom...butterword.com/icc-womens-crâ€¦,"Sep 30, 2025 Â· 7:53 PM UTC",,Yes,Relevant,Cricket World Cup 2025,"['world cup', 'cricket world cup', 'world cup 2025']"
@RajeshGuwahati,"#Zubeen_Gargwas in the veins of People of#AssamProved at the time of ""Funeral"" - when world's 4th largest gathering occurred 
Proved on 30-09-2024 ""ICC Women Cricket World Cup 2025"" Opening match in#GuwahatiGOOSEBUMPS !
Thank you@shreyaghoshalğŸ™","Sep 30, 2025 Â· 7:48 PM UTC",,Yes,Relevant,Cricket World Cup 2025,"['world cup', 'cricket world cup', 'world cup 2025']"
@DNyeko,@BCCIfeliciated the former India ğŸ‡®ğŸ‡³  women's  cricket  team  captain's from 1ï¸âƒ£9ï¸âƒ£7ï¸âƒ£5ï¸âƒ£ before  the start of the 2025 Cricket  Women's  World   Cup opener in Guwahati.#CWC25,"Sep 30, 2025 Â· 7:34 PM UTC",,Yes,Relevant,Cricket World Cup 2025,"['cwc', 'cwc25']"
@GlobalGistHQ,The Womenâ€™s Cricket World Cup 2025 begins today in India â€” expecting thrilling matches and record-making performances.#WomensCricket#CricketWorldCup#GlobalGistHQ,"Sep 30, 2025 Â· 7:26 PM UTC",,Yes,Relevant,Cricket World Cup 2025,"['world cup', 'cricket world cup', 'world cup 2025', 'cricketworldcup']"
@onecric_,A commanding start! ğŸ‡®ğŸ‡³ India Women seal a 59-run win over Sri Lanka in the Cricket World Cup 2025 opener. ğŸ”¥ğŸ#InspirationInBlue#CWC2025,"Sep 30, 2025 Â· 7:24 PM UTC",,Yes,Relevant,Cricket World Cup 2025,"['world cup', 'cricket world cup', 'cwc', 'cwc2025', 'world cup 2025']"
@atheranewsuk,ICC Women's Cricket World Cup 2025: Deepti Sharma and Amanjot Kaur impress as India beat Sri Lanka in openeratheranews.co.uk/icc-womens-â€¦,"Sep 30, 2025 Â· 7:17 PM UTC",,Yes,Relevant,Cricket World Cup 2025,"['world cup', 'cricket world cup', 'world cup 2025']"
@DESIblitz,The 2025 Womenâ€™s Cricket World Cup got underway with India claiming a 59-run victory over Sri Lanka in a thrilling opener.desiblitz.com/content/india-â€¦#ICCWomensWorldCup2025#INDvSL,"Sep 30, 2025 Â· 7:16 PM UTC",,Yes,Relevant,Cricket World Cup 2025,"['world cup', 'cricket world cup']"
@sriramhere,Congratulations Team India on winning the inaugural Womenâ€™s ODI World Cup Cricket game:espncricinfo.com/series/icc-â€¦,"Sep 30, 2025 Â· 7:09 PM UTC",,Yes,Relevant,Cricket World Cup 2025,['world cup']
@SakalSports,"à¤­à¤¾à¤°à¤¤à¥€à¤¯ à¤®à¤¹à¤¿à¤²à¤¾ à¤¸à¤‚à¤˜à¤¾à¤¨à¥‡ à¤µà¤¨à¤¡à¥‡ à¤µà¤°à¥à¤²à¥à¤¡ à¤•à¤ª à¥¨à¥¦à¥¨à¥« à¤¸à¥à¤ªà¤°à¥à¤§à¥‡à¤¤à¥€à¤² à¤®à¥‹à¤¹à¤¿à¤®à¥‡à¤²à¤¾ à¤µà¤¿à¤œà¤¯à¤¾à¤¨à¥‡ à¤¸à¥à¤°à¥à¤µà¤¾à¤¤ à¤•à¥‡à¤²à¥€ à¤†à¤¹à¥‡. à¤¦à¤¿à¤ªà¥à¤¤à¥€ à¤¶à¤°à¥à¤®à¤¾, à¤¸à¥à¤¨à¥‡à¤¹ à¤°à¤¾à¤£à¤¾ à¤†à¤£à¤¿ à¤…à¤®à¤¨à¤œà¥‹à¤¤ à¤•à¥Œà¤° à¤¯à¤¾à¤‚à¤¨à¥€ à¤­à¤¾à¤°à¤¤à¤¾à¤²à¤¾ à¤ªà¤¹à¤¿à¤²à¤¾ à¤µà¤¿à¤œà¤¯ à¤®à¤¿à¤³à¤µà¥‚à¤¨ à¤¦à¥‡à¤£à¥à¤¯à¤¾à¤¤ à¤®à¥‹à¤²à¤¾à¤šà¤¾ à¤µà¤¾à¤Ÿà¤¾ à¤‰à¤šà¤²à¤²à¤¾.#TeamIndia#INDvSL#CWC25#Cricket#SakalNews#SakalSportsesakal.com/krida/cricket/indâ€¦","Sep 30, 2025 Â· 7:05 PM UTC",,Yes,Relevant,Cricket World Cup 2025,"['cwc', 'cwc25']"
@amitava0112,"Deepti, Amanjot rescue act helps Indian women to beat Sri by 59 runs in ODI World cuptrends450.blogspot.com/2025/â€¦#CWC2025#INDWvsSLW#SLW#Guwahati#deeptisharma#amanjotkaur#smritimandhana#HarmanpreetKaur#CricketTwitter#Cricket#cricketnews","Sep 30, 2025 Â· 7:04 PM UTC",,Yes,Relevant,Cricket World Cup 2025,"['world cup', 'cwc', 'cwc2025']"
@SakalMediaNews,"à¤­à¤¾à¤°à¤¤à¥€à¤¯ à¤®à¤¹à¤¿à¤²à¤¾ à¤¸à¤‚à¤˜à¤¾à¤¨à¥‡ à¤µà¤¨à¤¡à¥‡ à¤µà¤°à¥à¤²à¥à¤¡ à¤•à¤ª à¥¨à¥¦à¥¨à¥« à¤¸à¥à¤ªà¤°à¥à¤§à¥‡à¤¤à¥€à¤² à¤®à¥‹à¤¹à¤¿à¤®à¥‡à¤²à¤¾ à¤µà¤¿à¤œà¤¯à¤¾à¤¨à¥‡ à¤¸à¥à¤°à¥à¤µà¤¾à¤¤ à¤•à¥‡à¤²à¥€ à¤†à¤¹à¥‡. à¤¦à¤¿à¤ªà¥à¤¤à¥€ à¤¶à¤°à¥à¤®à¤¾, à¤¸à¥à¤¨à¥‡à¤¹ à¤°à¤¾à¤£à¤¾ à¤†à¤£à¤¿ à¤…à¤®à¤¨à¤œà¥‹à¤¤ à¤•à¥Œà¤° à¤¯à¤¾à¤‚à¤¨à¥€ à¤­à¤¾à¤°à¤¤à¤¾à¤²à¤¾ à¤ªà¤¹à¤¿à¤²à¤¾ à¤µà¤¿à¤œà¤¯ à¤®à¤¿à¤³à¤µà¥‚à¤¨ à¤¦à¥‡à¤£à¥à¤¯à¤¾à¤¤ à¤®à¥‹à¤²à¤¾à¤šà¤¾ à¤µà¤¾à¤Ÿà¤¾ à¤‰à¤šà¤²à¤²à¤¾.#TeamIndia#INDvSL#CWC25#Cricket#SakalNews#SakalSportsesakal.com/krida/cricket/indâ€¦","Sep 30, 2025 Â· 7:04 PM UTC",,Yes,Relevant,Cricket World Cup 2025,"['cwc', 'cwc25']"
@wmpltournament,"A day filled with highs for the ğ™’ğ™¤ğ™¢ğ™šğ™£ ğ™ğ™£ ğ˜½ğ™¡ğ™ªğ™š ğŸ’™
Team India start off their World Cup campaign with a win! ğŸ‡®ğŸ‡³
[ICC ODI Womenâ€™s World Cup 2025, Team India, Womenâ€™s World Cup, Cricket]#CWC25#womensworldcup#teamindia#bcci#icc#indiancricket#cricket#womenscricket","Sep 30, 2025 Â· 7:03 PM UTC",,Yes,Relevant,Cricket World Cup 2025,"['world cup', 'cwc', 'cwc25', 'world cup 2025']"
@allsportjobs,à¦¬à§à¦¯à¦¾à¦Ÿà§‡ à¦¬à¦²à§‡ à¦¸à§‡à¦°à¦¾à¦Ÿà¦¾ à¦¦à¦¿à¦¯à¦¼à§‡ à¦®à§à¦¯à¦¾à¦šà§‡à¦° à¦¸à§‡à¦°à¦¾ à¦¹à¦¯à¦¼à§‡à¦›à§‡à¦¨ à¦¦à§€à¦ªà§à¦¤à¦¿ à¦¶à¦°à§à¦®à¦¾à¥¤allsportindia.com/cricket/inâ€¦#ICCWomensWorldCup2025#indvsslw,"Sep 30, 2025 Â· 7:00 PM UTC",,No,Irrelevant,None,
@ThePuntersPage,"ğŸ The#CWC25kicks off tomorrow! ğŸ‡®ğŸ‡³ 
Can India ride home advantage all the way to the final? And could Sri Lanka spring the biggest surprise?
Jonathan Askew breaks down predictions, odds & betting tips ğŸ‘‡#WomensCricket#WWC25thepunterspage.com/news/cricâ€¦","Sep 30, 2025 Â· 6:59 PM UTC",,Yes,Relevant,Cricket World Cup 2025,"['cwc', 'cwc25']"
@sportsriddlers,India women's cricket team off to a flyer in the ICC Women's Cricket World Cup 2025.#IndianCricket#WomensWorldCup2025#WomensWorldCup#indvsslw#indvssrilanka#WomensCricket,"Sep 30, 2025 Â· 6:58 PM UTC",,Yes,Relevant,Cricket World Cup 2025,"['world cup', 'cricket world cup', 'world cup 2025']"
@IExpressSports,All-round Deepti Sharma leads India to 59-run win over Sri Lanka in ODI World Cup opener@vinayakkmâœï¸#WomensWorldCup#INDvsSLindianexpress.com/article/spâ€¦,"Sep 30, 2025 Â· 6:56 PM UTC",,Yes,Relevant,Cricket World Cup 2025,"['world cup', 'world cup opener']"
@DipranjanS43173,"IND vs SL: Amanjot, Deepti's all-round rescue act gets India off to winning startindiatoday.in/sports/cricketâ€¦","Sep 30, 2025 Â· 6:55 PM UTC",,No,Irrelevant,None,
@justbehkah,"WOMEN IN CRICKETâ™¥ï¸
Are y'all aware that the ICC Women's ODI World Cup 2025 tournament has begun?
India Women started with a win against Sri Lanka Women in the opening match.
Deepti Sharma was the Player of the Match for her exceptional all-round display. 
She scored a crucial half-century (53 runs) to rescue the innings and then took a match-winning 3 wickets (3/54) with the ball
I'm staying updated on cricket news thanks to@SIXR_cricketğŸ˜‚ğŸ˜‚
Study$SIXR","Sep 30, 2025 Â· 6:52 PM UTC","@tobem_godnika, @blyckfella, @Tiiimbhoe, @ONLY1MZD, @Pec_ulia, @Lincoln_drop, @cjsweb3, @DOSKYTHEGREAT, @E_r_e_b_u_s10",Yes,Relevant,Cricket World Cup 2025,"['world cup', 'world cup 2025']"
@CricketTimesHQ,"India began their ICC Womenâ€™s World Cup 2025 campaign with a dominant 59-run win against Sri Lanka at the Barsapara Cricket Stadium, Guwahati.#women#cricket#CWC25crickettimes.com/2025/09/fanâ€¦","Sep 30, 2025 Â· 6:51 PM UTC",,Yes,Relevant,Cricket World Cup 2025,"['world cup', 'cwc', 'cwc25', 'world cup 2025']"
@timesofsports,"Women's ODI World Cup 2025 INDW vs SLW Highlights | India Women won by 59 Runs
Read:timesofsports.com/cricket/woâ€¦#INDWvsSLW#Cricketnews","Sep 30, 2025 Â· 6:51 PM UTC",,Yes,Relevant,Cricket World Cup 2025,"['world cup', 'world cup 2025']"
@cricetsprinter,India women sealed the victory by 59 runs in the opener game of ICC women's cricket world cup 2025#WomensWorldCup2025cricsprinter.com/2025/10/01/â€¦,"Sep 30, 2025 Â· 6:51 PM UTC",,Yes,Relevant,Cricket World Cup 2025,"['world cup', 'cricket world cup', 'world cup 2025']"
@WomenCricketHQ,"India began their ICC Womenâ€™s World Cup 2025 campaign with a dominant 59-run win against Sri Lanka at the Barsapara Cricket Stadium, Guwahati.#women#cricket#CWC25womencricket.com/2025/09/30/â€¦","Sep 30, 2025 Â· 6:46 PM UTC",,Yes,Relevant,Cricket World Cup 2025,"['world cup', 'cwc', 'cwc25', 'world cup 2025']"
@Imran_Akram_001,"India's lionesses won the first match of the ICC Women's Cricket World Cup 2025 today!  
Team India, well done, congratulations! ğŸ’ğŸ’  
ğŸ‡®ğŸ‡³ ğŸğŸ†ğŸ‘#WomensWorldCup","Sep 30, 2025 Â· 6:45 PM UTC",,Yes,Relevant,Cricket World Cup 2025,"['world cup', 'cricket world cup', 'world cup 2025']"
@AsianetNewsBN,à¦®à¦¹à¦¿à¦²à¦¾à¦¦à§‡à¦° à¦•à§à¦°à¦¿à¦•à§‡à¦Ÿ à¦¬à¦¿à¦¶à§à¦¬à¦•à¦¾à¦ª à§¨à§¦à§¨à§«: à¦¶à§à¦°à§€à¦²à¦™à§à¦•à¦¾à¦•à§‡ à¦¹à¦¾à¦°à¦¿à¦¯à¦¼à§‡ à¦…à¦­à¦¿à¦¯à¦¾à¦¨ à¦¶à§à¦°à§ à¦­à¦¾à¦°à¦¤à§‡à¦°#INDWvsSLW#INDWvSLW#ICCWomensWorldCup2025#DeeptiSharma#HarleenDeol#AmanjotKaur#HarmanpreetKaur@cricketworldcup@BCCIbangla.asianetnews.com/sportâ€¦,"Sep 30, 2025 Â· 6:42 PM UTC",,Yes,Relevant,Cricket World Cup 2025,['cricketworldcup']
@wmpltournament,"Anchored the win âš“ï¸ğŸ’ªğŸ»
[ICC ODI Womenâ€™s World Cup 2025, Team India, Womenâ€™s World Cup, Cricket]#CWC25#womensworldcup#teamindia#bcci#icc#indiancricket#cricket#womenscricket#deeptisharma","Sep 30, 2025 Â· 6:40 PM UTC",,Yes,Relevant,Cricket World Cup 2025,"['world cup', 'cwc', 'cwc25', 'world cup 2025']"
@IndiaSportsHub,"ğŸ Dream start for India at the Womenâ€™s Cricket World Cup 2025! ğŸ‡®ğŸ‡³âœ¨
Deepti Sharmaâ€™s brilliant all-round show powers ğŸ‡®ğŸ‡³ to a 59-run win (DLS) over Sri Lanka in the opener. ğŸ‘ğŸ”¥#CWC25#TeamIndia#WomenInBlue#INDvSL","Sep 30, 2025 Â· 6:40 PM UTC",@Yolacricket,Yes,Relevant,Cricket World Cup 2025,"['world cup', 'cricket world cup', 'cwc', 'cwc25', 'world cup 2025']"
@Anilcherukara,"Result
IND Women vs SL Women, 1st Match
ICC Women's World Cup
IND-W 269/8
SL-W 211
IND Women won by 59 runs (DLS method)
Congrats Team Indiaespncricinfo.com/series/icc-â€¦","Sep 30, 2025 Â· 6:39 PM UTC",,Yes,Relevant,Cricket World Cup 2025,"['world cup', ""women's world cup""]"
@BCCIWomen,"ğŸ“¸ ğŸ“¸ 
A cracking way to set the ball rolling in#CWC25for#TeamIndia! ğŸ™Œ ğŸ™Œ
Scorecard â–¶ï¸bit.ly/INDWvSLW-WORLDCUP-202â€¦#WomenInBlue|#INDvSL","Sep 30, 2025 Â· 6:39 PM UTC","@Yolacricket, @Purnima017, @cricket_smasher, @DevSThakur, @Isg3164, @AnilPat05764084, @LifeIsAnElation",Yes,Relevant,Cricket World Cup 2025,"['cwc', 'cwc25']"
@TheCricketerMag,"""As news emerged of further restrictions being placed on the rights of Afghans, the country's female cricketers were in attendance for the opening Cricket World Cup match in Guwahati"" | âœï¸@NickHowson#CWC25thecricketer.com/Topics/womeâ€¦","Sep 30, 2025 Â· 6:38 PM UTC",,Yes,Relevant,Cricket World Cup 2025,"['world cup', 'cricket world cup', 'cwc', 'cwc25']"
@pawa_1008,"Deepti-Amanjot 103-run seventh wicket stand saves India in tournament opener.
Report including Talking Point & Statistical HighlightsğŸ‘‡walkingwicket.com/women-s-woâ€¦#INDWvsSLW#INDvSL#DeeptiSharma#AmanjotKaur#HarmanpreetKaur#CricketTwitter#Cricket","Sep 30, 2025 Â· 6:35 PM UTC",,No,Irrelevant,None,
@latestly,ICC Women's World Cup 2025 Points Table Updated With NRR: India Women Register Convincing Win Over Sri Lanka Women in Opening Game#ICC#CWC2025#ICCWomensWorldCup2025latestly.com/sports/cricket/â€¦,"Sep 30, 2025 Â· 6:33 PM UTC",,Yes,Relevant,Cricket World Cup 2025,"['world cup', 'cwc', 'cwc2025', ""women's world cup"", 'world cup 2025']"
@lokmattimeseng,India Women Begin ICC World Cup 2025 Campaign With 59-Run Win Over Sri Lankalokmattimes.com/cricket/newsâ€¦#INDWvsSLW#ICCWomensWorldCup2025#CricketNews#HarmanpreetKaur#SmritiMandhana#HarleenDeol#Guwahati#DeeptiSharma,"Sep 30, 2025 Â· 6:33 PM UTC",,Yes,Relevant,Cricket World Cup 2025,"['world cup', 'icc world cup', 'world cup 2025']"
@latestly,ICC Women's World Cup 2025 Points Table Updated With NRR: Check Latest Team Standings With Net Run Rate of Women's ODI WC#ICC#CWC2025#ICCWomensWorldCup2025latestly.com/sports/cricket/â€¦,"Sep 30, 2025 Â· 6:32 PM UTC",,Yes,Relevant,Cricket World Cup 2025,"['world cup', 'cwc', 'cwc2025', ""women's world cup"", 'world cup 2025']"
@RavalDines64477,aajtak.in/sports/cricket/stoâ€¦,"Sep 30, 2025 Â· 6:29 PM UTC",,No,Irrelevant,None,
@Cricketracker,"A record-breaking attendance on the first day of the Womenâ€™s World Cup 2025 at Barsapara Cricket Stadium, Guwahati - the most attended group-stage fixture in any Womenâ€™s World Cup.#WWC2025#INDWvSLW","Sep 30, 2025 Â· 6:29 PM UTC",,Yes,Relevant,Cricket World Cup 2025,"['world cup', 'world cup 2025', 'wwc2025']"
@donaldgmcrae,"I appreciated@josbuttlertalking so openly about the passing years, as a 35-year-old, the death of his father, helping England pass 300 in a T20 world first, the pain of captaincy, shedding that burden, new ambitions and why his bat still says 'fuck it'theguardian.com/sport/2025/sâ€¦","Sep 30, 2025 Â· 6:27 PM UTC",,No,Irrelevant,None,
@ITGDsports,"For Tahlia McGrath, the numbers do not matter as Australia look to begin their title-defence on a winning note as they take on their next-door neighbours, New Zealand.#AUSvsNZ#CWC2025indiatoday.in/sports/cricketâ€¦","Sep 30, 2025 Â· 6:26 PM UTC",,Yes,Relevant,Cricket World Cup 2025,"['cwc', 'cwc2025']"
@iamsameera07,"The ICC Womenâ€™s Cricket World Cup 2025 got off to a historic start in Guwahati drawing 22,843 fans at the ACA Stadium, a record for the most attended group stage fixture at any Womenâ€™s World Cup. ğŸ‡®ğŸ‡³#Kanaa(2018)","Sep 30, 2025 Â· 6:26 PM UTC",,Yes,Relevant,Cricket World Cup 2025,"['world cup', 'cricket world cup', 'world cup 2025']"
@manoramanews,à´µà´¨à´¿à´¤à´¾ à´à´•à´¦à´¿à´¨ à´•àµà´°à´¿à´•àµà´•à´±àµà´±àµ à´²àµ‹à´•à´•à´ªàµà´ªàµ: à´‡à´¨àµà´¤àµà´¯à´¯àµà´•àµà´•àµ 59 à´±à´£àµâ€à´¸à´¿à´¨àµà´±àµ† à´œà´¯à´‚manoramanews.com/sports/cricâ€¦,"Sep 30, 2025 Â· 6:24 PM UTC",,No,Irrelevant,None,
@Cricket_World,"ICC Women's World Cup 2025 Match 1: India begin campaign in fine style beating Sri Lanka by 59 runs (DLS) 
ğŸğŸŒğŸ†ğŸ‡®ğŸ‡³ v ğŸ‡±ğŸ‡°cricketworld.com/icc-womens-â€¦","Sep 30, 2025 Â· 6:23 PM UTC",,Yes,Relevant,Cricket World Cup 2025,"['world cup', ""women's world cup"", 'world cup 2025']"
@BCCIWomen,"A crucial fifty âœ…
A 3âƒ£-wicket haul âœ…
Showcasing her all-round abilities in style âœ…
Deepti Sharma with the Player of the Match award as#TeamIndiamake a winning start to our#CWC25campaign! ğŸ‘ ğŸ‘
Scorecard â–¶ï¸bit.ly/INDWvSLW-WORLDCUP-202â€¦#WomenInBlue|#INDvSL","Sep 30, 2025 Â· 6:22 PM UTC",,Yes,Relevant,Cricket World Cup 2025,"['cwc', 'cwc25']"
@ImSarvada,Team India Beat Sri Lanka By 59 Runs In The 1st Match Of Womens Cricket World Cup 2025â¤ï¸,"Sep 30, 2025 Â· 6:22 PM UTC",,Yes,Relevant,Cricket World Cup 2025,"['world cup', 'cricket world cup', 'world cup 2025']"
@ImSarvada,India Beat Sri Lanka By 59 Runs In The 1st Match Of Womens Cricket World Cup 2025â¤ï¸,"Sep 30, 2025 Â· 6:21 PM UTC",,Yes,Relevant,Cricket World Cup 2025,"['world cup', 'cricket world cup', 'world cup 2025']"
@ImSarvada,India Beat Sri Lanka By 59 Runs In The 1st Match Of Womens Cricket World Cup 2025â¤ï¸,"Sep 30, 2025 Â· 6:21 PM UTC",,Yes,Relevant,Cricket World Cup 2025,"['world cup', 'cricket world cup', 'world cup 2025']"
@yogeshgoswami_,"DEEPTI SHARMA STEALS THE SHOW! ğŸš¨
â—¾ 53 runs & 3 wickets â€“ all-round brilliance - Match winning partnership with Amanjot ! ğŸ’ª
â—¾ Player of the Match for India Women!
â—¾ ""First win sets the tone for World Cup 2025 "" ğŸ—£ï¸#CWC25#INDvSL#Cricket","Sep 30, 2025 Â· 6:20 PM UTC",,Yes,Relevant,Cricket World Cup 2025,"['world cup', 'cwc', 'cwc25', 'world cup 2025']"
@FanportOfficial,à´à´¸à´¿à´¸à´¿ à´µà´¨à´¿à´¤à´¾ à´²àµ‹à´•à´•à´ªàµà´ªàµ 2025: à´‡à´¨àµà´¤àµà´¯à´•àµà´•àµ à´µà´¿à´œà´¯à´¤àµà´¤àµà´Ÿà´•àµà´•à´‚; à´¶àµà´°àµ€à´²à´™àµà´•à´¯àµ† 59 à´±àµºà´¸à´¿à´¨àµ à´¤à´•àµ¼à´¤àµà´¤àµ#WomensCricket#CWC2025#TeamIndia#INDvSLfanport.in/cricket/india-womâ€¦,"Sep 30, 2025 Â· 6:20 PM UTC",,Yes,Relevant,Cricket World Cup 2025,"['cwc', 'cwc2025']"
@TV9Marathi,"à¤®à¤¹à¤¿à¤²à¤¾ à¤¬à¥à¤°à¤¿à¤—à¥‡à¤¡à¤šà¥€ à¤§à¤¡à¤¾à¤•à¥‡à¤¬à¤¾à¤œ à¤¸à¥à¤°à¥à¤µà¤¾à¤¤, à¤µà¤°à¥à¤²à¥à¤¡ à¤•à¤ª à¤¸à¥à¤ªà¤°à¥à¤§à¥‡à¤¤à¥€à¤² à¤ªà¤¹à¤¿à¤²à¥à¤¯à¤¾à¤š à¤¸à¤¾à¤®à¤¨à¥à¤¯à¤¾à¤¤ à¤¶à¥à¤°à¥€à¤²à¤‚à¤•à¥‡à¤šà¤¾ 59 à¤§à¤¾à¤µà¤¾à¤‚à¤¨à¥€ à¤§à¥à¤µà¥à¤µà¤¾, à¤…à¤®à¤¨à¤œà¥à¤¯à¥‹à¤¤-à¤¦à¥€à¤ªà¥à¤¤à¥€à¤šà¥€ à¤¨à¤¿à¤°à¥à¤£à¤¾à¤¯à¤• à¤•à¤¾à¤®à¤—à¤¿à¤°à¥€tv9marathi.com/sports/crickeâ€¦#TeamIndia#INDvsSL#SLvsIND#DeeptiSharma#AmanjotKaur#HarmanpreetKaur","Sep 30, 2025 Â· 6:20 PM UTC",,No,Irrelevant,None,
@lokmat,à¤®à¤¿à¤¶à¤¨ à¤µà¤°à¥à¤²à¥à¤¡ à¤•à¤ª! à¤¶à¥à¤°à¥€à¤²à¤‚à¤•à¥‡à¤²à¤¾ à¤ªà¤°à¤¾à¤­à¥‚à¤¤ à¤•à¤°à¤¤ à¤Ÿà¥€à¤® à¤‡à¤‚à¤¡à¤¿à¤¯à¤¾à¤¨à¥‡ à¤¦à¤¿à¤²à¥€ à¤µà¤¿à¤œà¤¯à¥€ à¤¸à¤²à¤¾à¤®à¥€#ICCWomensWorldCup#ICCWorldCuplokmat.com/cricket/news/indiâ€¦,"Sep 30, 2025 Â· 6:19 PM UTC",,No,Irrelevant,None,
@Chowdar9555,India Women's Cricket Grand Opening in the World Cup 2025,"Sep 30, 2025 Â· 6:19 PM UTC",,Yes,Relevant,Cricket World Cup 2025,"['world cup', 'world cup 2025']"
@republic_sports,Women's World Cup 2025: Deepti Sharma's All-Round Masterclass Helps Team India Secure Convincing 59-Run Win Over Sri Lanka#IndiavsSriLanka#WomensWorldCup2025#DeeptiSharmarepublicworld.com/cricket/woâ€¦,"Sep 30, 2025 Â· 6:18 PM UTC",,Yes,Relevant,Cricket World Cup 2025,"['world cup', ""women's world cup"", 'world cup 2025']"
@dna,"IND-W vs SL-W, Womenâ€™s World Cup 2025:#DeeptiSharma,#AmanjotKaurshine as India begin campaign with 59-run win over Sri Lankadnaindia.com/cricket/report-â€¦","Sep 30, 2025 Â· 6:17 PM UTC",@kareyaku1980,Yes,Relevant,Cricket World Cup 2025,"['world cup', 'world cup 2025']"
@Live_Hindustan,à¤­à¤¾à¤°à¤¤ à¤¨à¥‡ à¤†à¤ˆà¤¸à¥€à¤¸à¥€ à¤†à¤ˆà¤¸à¥€à¤¸à¥€ à¤®à¤¹à¤¿à¤²à¤¾ à¤µà¤¨à¤¡à¥‡ à¤µà¤°à¥à¤²à¥à¤¡ à¤•à¤ª 2025 à¤®à¥‡à¤‚ à¤§à¤¾à¤‚à¤¸à¥‚ à¤†à¤—à¤¾à¤œ à¤•à¤¿à¤¯à¤¾ à¤¹à¥ˆà¥¤ à¤­à¤¾à¤°à¤¤ à¤¨à¥‡ à¤Ÿà¥‚à¤°à¥à¤¨à¤¾à¤®à¥‡à¤‚à¤Ÿ à¤•à¥‡ à¤ªà¤¹à¤²à¥‡ à¤®à¥ˆà¤š à¤®à¥‡à¤‚ à¤¶à¥à¤°à¥€à¤²à¤‚à¤•à¤¾ à¤•à¥‹ 59 à¤°à¤¨à¥‹à¤‚ à¤¸à¥‡ à¤§à¥‚à¤² à¤šà¤Ÿà¤¾à¤ˆà¥¤#IndvsSL#Cricketà¤¯à¤¹à¤¾à¤‚ à¤ªà¤¢à¤¼à¥‡à¤‚ à¤ªà¥‚à¤°à¥€ à¤–à¤¬à¤° -tinyurl.com/mr35t7hv,"Sep 30, 2025 Â· 6:16 PM UTC",,No,Irrelevant,None,
@Unfitered_media,Cricket: Tikolo Targets Kenya in Decisive World Cup Qualifierunfilteredreporting.com/2025â€¦,"Sep 30, 2025 Â· 6:16 PM UTC",,Yes,Relevant,Cricket World Cup 2025,['world cup']
@tv9malayalam,à´µà´¨à´¿à´¤à´¾ à´à´•à´¦à´¿à´¨ à´²àµ‹à´•à´•à´ªàµà´ªà´¿à´²àµâ€ à´‡à´¨àµà´¤àµà´¯à´¯àµà´•àµà´•àµ à´µà´¿à´œà´¯à´¤àµà´¤àµà´Ÿà´•àµà´•à´‚. à´‡à´¨àµà´¨àµ à´¨à´Ÿà´¨àµà´¨ à´®à´¤àµà´¸à´°à´¤àµà´¤à´¿à´²àµâ€ à´¶àµà´°àµ€à´²à´™àµà´•à´¯àµ† 59 à´±à´£àµâ€à´¸à´¿à´¨àµ à´¤à´•à´°àµâ€à´¤àµà´¤àµ#INDvSL#CWC2025#WomenInBlue#tv9malayalamIndia vs Sri Lanka | Cricketmalayalamtv9.com/sports/cricâ€¦,"Sep 30, 2025 Â· 6:15 PM UTC",,Yes,Relevant,Cricket World Cup 2025,"['cwc', 'cwc2025']"
@kingranarajput,"Indian women's cricket team defeated the Sri Lankan women's team by 59 runs in the opening match of the ICC Women's Cricket World Cup 2025,held on September 30 2025,at Barsapara Stadium in Guwahati.
DLS-adjusted target of 271 Sri Lanka was bowled out for 211 in 42.3#INDWvsSLW","Sep 30, 2025 Â· 6:15 PM UTC",,Yes,Relevant,Cricket World Cup 2025,"['world cup', 'cricket world cup', 'world cup 2025']"
@ESPNcricinfo,India begin their home World Cup campaign with an important win#INDvSLFind the scorecard here â¡ï¸bit.ly/CWC25-M1,"Sep 30, 2025 Â· 6:12 PM UTC","@FastQcB, @Yolacricket, @mpandey03",Yes,Relevant,Cricket World Cup 2025,"['world cup', 'cwc', 'cwc25']"
@NetiNeti24,"Indian Women Cricket ğŸ team beat Srilanka Women Cricket team by 59 runs in ICC Women Cricket World Cup 2025 in Guwahati, Assam.

INDW 269/8(47)

SLW 211(45.4)#ICCWomensWorldCup2025","Sep 30, 2025 Â· 6:12 PM UTC",,Yes,Relevant,Cricket World Cup 2025,"['world cup', 'cricket world cup', 'world cup 2025']"
@kairalinews,à´²àµ‹à´•à´•à´ªàµà´ªà´¿à´²àµ† à´•à´¨àµà´¨à´¿à´¯à´™àµà´•à´¤àµà´¤à´¿àµ½ à´²à´™àµà´•à´¾à´¦à´¹à´¨à´¤àµà´¤àµ‹à´Ÿàµ† à´¤àµà´Ÿà´•àµà´•à´‚ à´•àµà´±à´¿à´šàµà´šàµ à´‡à´¨àµà´¤àµà´¯àµ» à´µà´¨à´¿à´¤à´•àµ¾kairalinewsonline.com/sportsâ€¦#womenworldcup#indiawvssrilankaw#IndianWomenCricket#kairalinews,"Sep 30, 2025 Â· 6:11 PM UTC",,No,Irrelevant,None,
@latestly,"IND-W Win by 59 Runs | India vs Sri Lanka Highlights of ICC Womenâ€™s World Cup 2025: Deepti Sharma, Sneh Rana Shine as Harmanpreet Kaur-led Side Secure Comprehensive Win#INDWvSLW|#INDvSL|#ICCWomensWorldCup2025|#CWC25latestly.com/sports/cricket/â€¦","Sep 30, 2025 Â· 6:11 PM UTC",,Yes,Relevant,Cricket World Cup 2025,"['world cup', 'cwc', 'cwc25', 'world cup 2025']"
@sports_tak,IND vs SL: Deepti Sharma and Amanjot Star as India crush Sri Lanka by 59 runs in dominant Women's World Cup opener#DeeptiShama#INDvsSLthesportstak.com/cricket/iccâ€¦,"Sep 30, 2025 Â· 6:10 PM UTC",,Yes,Relevant,Cricket World Cup 2025,"['world cup', ""women's world cup"", 'world cup opener']"
@ITGDsports,A brilliant all-round showcase by Deepti Sharma and Sneh Rana helps India turn things around and kickstart their World Cup campaign with a 59-run win over Sri Lanka.#CWC2025#INDvsSLindiatoday.in/sports/cricketâ€¦,"Sep 30, 2025 Â· 6:10 PM UTC",,Yes,Relevant,Cricket World Cup 2025,"['world cup', 'cwc', 'cwc2025']"
@mataonline,IND vs SL: à¤µà¤¿à¤¶à¥à¤µà¤šà¤·à¤•à¤¾à¤¤ à¤­à¤¾à¤°à¤¤à¤¾à¤šà¥€ à¤µà¤¿à¤œà¤¯à¥€ à¤¸à¥à¤°à¥à¤µà¤¾à¤¤; à¤…à¤®à¤¨à¤œà¥Œà¤¤ à¤•à¥Œà¤° à¤†à¤£à¤¿ à¤¦à¤¿à¤ªà¥à¤¤à¥€ à¤¶à¤°à¥à¤®à¤¾à¤¨à¥‡ à¤¶à¥à¤°à¥€à¤²à¤‚à¤•à¤¾à¤²à¤¾ à¤¦à¤¿à¤²à¤¾ à¤¦à¥‡ à¤§à¤•à¥à¤•à¤¾#WomensWorldCupmaharashtratimes.com/sports/â€¦,"Sep 30, 2025 Â· 6:10 PM UTC",,No,Irrelevant,None,
@CricketNDTV,"India (269/8) beat Sri Lanka (211) by 59 runs (DLS method) in Women's ODI World Cup 2025 opener

CWC25#Cricket#INDvSL#INDvsSLScorecard:shorturl.at/xvdDHHighlights:bit.ly/4gKc5W0","Sep 30, 2025 Â· 6:09 PM UTC",,Yes,Relevant,Cricket World Cup 2025,"['world cup', 'cwc', 'cwc25', 'world cup 2025']"
@ndtvindia,India vs Sri Lanka Match Live Score: à¤­à¤¾à¤°à¤¤ à¤¨à¥‡ à¤¶à¥à¤°à¥€à¤²à¤‚à¤•à¤¾ à¤•à¥‹ 59 à¤°à¤¨à¥‹à¤‚ à¤¸à¥‡ à¤¹à¤°à¤¾à¤•à¤° à¤œà¥€à¤¤ à¤¸à¥‡ à¤•à¤¿à¤¯à¤¾ à¤µà¤°à¥à¤²à¥à¤¡ à¤•à¤ª à¤…à¤­à¤¿à¤¯à¤¾à¤¨ à¤•à¤¾ à¤†à¤—à¤¾à¤œ#INDVsSL|#WomenCricketndtv.in/cricket/india-vs-sriâ€¦,"Sep 30, 2025 Â· 6:09 PM UTC",,No,Irrelevant,None,
@grok,"One notable example is during the 2023 ICC Cricket World Cup: After Pakistan's win against Sri Lanka, Mohammad Rizwan dedicated the victory to ""brothers and sisters in Gaza"" via a post on X, following his century and player-of-the-match performance.

In 2025, the HBL PSL held a solidarity event for Palestine with the ambassador present, uniting for lives lost in Gaza.","Sep 30, 2025 Â· 6:09 PM UTC",,Yes,Relevant,Cricket World Cup 2025,"['world cup', 'cricket world cup']"
@NoContextWCric,"BIG WIN FOR INDIA.

India got off to a good start in the Cricket World Cup 2025, winning the first match by 59 runs after being reduced to 124/6 by Sri Lanka.","Sep 30, 2025 Â· 6:08 PM UTC",,Yes,Relevant,Cricket World Cup 2025,"['world cup', 'cricket world cup', 'world cup 2025']"
@BCCIWomen,World Cup 2025. India (Women) Won by 59 Run(s) (D/L Method)bit.ly/INDWvSLW-WORLDCUP-202â€¦#INDvSL#CWC25#TeamIndia,"Sep 30, 2025 Â· 6:08 PM UTC",,Yes,Relevant,Cricket World Cup 2025,"['world cup', 'cwc', 'cwc25', 'world cup 2025']"
@BCCIWomen,"World Cup 2025. WICKET!  45.4: Inoka Ranaweera 3(8) lbw Pratika Rawal, Sri Lanka (Women) 211 all outbit.ly/INDWvSLW-WORLDCUP-202â€¦#INDvSL#CWC25#TeamIndia","Sep 30, 2025 Â· 6:08 PM UTC",@mahikachikuuu,Yes,Relevant,Cricket World Cup 2025,"['world cup', 'cwc', 'cwc25', 'world cup 2025']"
@mykhelcom,"Deepti Sharma becomes Indiaâ€™s 2nd highest wicket-taker in ODIs, surpassing Neetu David with 142 wickets! ğŸ’¥ Her brilliant all-round show, including a composed 53 runs and 3 key wickets against Sri Lanka in Womenâ€™s World Cup 2025#WWC2025#CricketIndiamykhel.com/cricket/womens-woâ€¦","Sep 30, 2025 Â· 6:07 PM UTC",,Yes,Relevant,Cricket World Cup 2025,"['world cup', 'world cup 2025', 'wwc2025']"
@KridaCafe,Womens Cricket World Cup 2025 à¤®à¤§à¥à¤¯à¥‡ à¤Ÿà¥€à¤® à¤‡à¤‚à¤¡à¤¿à¤¯à¤¾à¤šà¥€ à¤µà¤¿à¤œà¤¯à¥€ à¤¸à¤²à¤¾à¤®à¥€! à¤¦à¤¿à¤ªà¥à¤¤à¥€ à¤¶à¤°à¥à¤®à¤¾à¤šà¥€ à¤…à¤·à¥à¤Ÿà¤ªà¥ˆà¤²à¥‚ à¤•à¤¾à¤®à¤—à¤¿à¤°à¥€kridacafe.com/india-won-openâ€¦,"Sep 30, 2025 Â· 6:07 PM UTC",,Yes,Relevant,Cricket World Cup 2025,"['world cup', 'cricket world cup', 'world cup 2025']"
@RandSNewsfeed,Former Socceroos captain and now Newcastle Jets coach Mark Milligan wants his team to chase success in the A-League and Asia after their Australia Cup triumph.rslnk.com/F18V,"Oct 5, 2025 Â· 2:30 AM UTC",,No,Irrelevant,None,
@MalaysiaCricket,Malaysiaâ€™s fixtures for the ICC Menâ€™s T20 World Cup Asia & EAP Qualifier ğŸ‡²ğŸ‡¾ğŸ,"Oct 5, 2025 Â· 2:27 AM UTC",,Yes,Relevant,Cricket World Cup 2025,['world cup']
@ajayaries12,Aur kitna zaleel hoga Pakistan from Operation Sindoor to Asia Cup India ne hamesha Pakistan ki Maa ko Chodh@..Aur kitna Zaleel karoge Pakistan ko ..I am watching Pakistan channels the women there are desperate to marry Indian boys due to their country situation,"Oct 5, 2025 Â· 2:26 AM UTC",,Yes,Relevant,Asia Cup 2025,['asia cup']
@fim_asia,"Repost from Asia Talent Cup#IATCRound 5, Race 1 podium! 
ğŸ¥‡ Alfonsi Daquigan ğŸ‡µğŸ‡­
ğŸ¥ˆ Haruki Matsuyama ğŸ‡¯ğŸ‡µ
ğŸ¥‰Shingo Iidaka ğŸ‡¯ğŸ‡µ#RoadToMotoGPğŸ","Oct 5, 2025 Â· 2:22 AM UTC",,No,Irrelevant,None,
@prajapat33953,Asia Cup nhi hai...come out of delulu,"Oct 5, 2025 Â· 2:21 AM UTC",,Yes,Relevant,Asia Cup 2025,['asia cup']
@punjkpunj2,"Poora Asia cup bycott kia#bycottasiacupBut koi indwvspakw women's World Cup ki bat he nhi ker rha ye kaise deshbakti hai.à¥¤à¥¤à¥¤ 
Smj nhi aarha hm bhi party bakt to nhi ho gye? ğŸ˜ƒğŸ¥²ğŸ¥²","Oct 5, 2025 Â· 2:19 AM UTC",,Yes,Relevant,Both Events,"['asia cup', 'world cup', ""women's world cup""]"
@alok_arg,"à¤®à¥ˆà¤‚ à¤¯à¥‡ asia cup à¤«à¤¾à¤‡à¤¨à¤² ,CT à¤«à¤¾à¤‡à¤¨à¤² à¤¹à¤¾à¤°à¤¨à¤¾ à¤ªà¤¸à¤¨à¥à¤¦ à¤•à¤°à¤¤à¤¾,à¤²à¥‡à¤•à¤¿à¤¨ à¤µà¥‹ WC à¤«à¤¾à¤‡à¤¨à¤² à¤•à¤¾ à¤¹à¤¾à¤°à¤¨à¤¾ à¤¨à¤¹à¥€à¤‚ à¤ªà¤šà¤¤à¤¾ à¤¹à¥ˆ à¤­à¤¾à¤ˆà¥¤
à¤”à¤° à¤¯à¥‡ à¤®à¥ˆ à¤‡à¤¸à¤²à¤¿à¤ à¤¬à¥‹à¤² à¤°à¤¹à¤¾ à¤¹à¥ cuz à¤‰à¤¸ à¤ªà¥‚à¤°à¥‡ à¤ªà¥à¤°à¤¤à¤¿à¤¯à¥‹à¤—à¤¿à¤¤à¤¾ à¤®à¥‡à¤‚ à¤‡à¤‚à¤¡à¤¿à¤¯à¤¾ à¤¸à¥‡ à¤¬à¥‡à¤¹à¤¤à¤° à¤Ÿà¥€à¤® à¤•à¥‹à¤ˆ à¤¨à¤¹à¥€à¤‚ à¤¥à¥€ à¤”à¤° à¤¨ à¤¹à¥€ à¤–à¥‡à¤²à¥€à¥¤
à¤«à¤¿à¤°, à¤«à¤¾à¤‡à¤¨à¤² à¤®à¥‡à¤‚ à¤ªà¤¤à¤¾ à¤¨à¤¹à¥€à¤‚ à¤•à¤¿à¤¸à¤•à¥€ à¤¨à¤œà¤° à¤²à¤—à¥€?","Oct 5, 2025 Â· 2:16 AM UTC",,Yes,Relevant,Asia Cup 2025,['asia cup']
@iSahilSinha,This Jaipur guy first said he would boycott Asia Cup.. now he has opinion on every move of the Asia Cup. What a hypocrite these idi0ts are. ğŸ¤£ğŸ¤£ğŸ¤£,"Oct 5, 2025 Â· 2:15 AM UTC",,Yes,Relevant,Asia Cup 2025,['asia cup']
@PrakashPra70336,"Asia Cup T20 2025
India - Winner 
T20 World Cup 2026 
India - Runner Up 
Asia Cup ODI 2027
India - Runner Up 
Cricket World Cup 2027 
India - Winner","Oct 5, 2025 Â· 2:15 AM UTC",,Yes,Relevant,Both Events,"['asia cup', 'asia cup t20', 'asia cup odi', 'world cup', 'cricket world cup']"
@ScherazadeMS,"Pembalap muda Filipina, Alfonsi Daquigan, bukukan kemenangan ganda di Asia Talent Cup Mandalika ğŸ‘ğŸ‡µğŸ‡­","Oct 5, 2025 Â· 2:14 AM UTC",,No,Irrelevant,None,
@rjfanofficial,Asia Cup final ki innings or pure asia cup ki dal dete jra or rohit sharma ki 2019 world cup dekh lete toh shayad ye edit bnane ki jarurt na pdti,"Oct 5, 2025 Â· 2:11 AM UTC",,Yes,Relevant,Both Events,"['asia cup', 'asia cup final', 'world cup']"
@Samjudit,"End of the Day Allah SWT was with Khaafirs and Hindustanis won ALL THREE MATCHES and World Cup & Allah Subanuthala Blessed Khaafirs with the Glory Honor  and Made them Champions not only in Cricket in Every Walk of Life 
@RealSahibzad@TheRealPCBtimesofindia.indiatimes.com/â€¦","Oct 5, 2025 Â· 2:06 AM UTC",,Yes,Relevant,Cricket World Cup 2025,['world cup']
@shroffanant,"Lame. This resistance to let the senior players go, at the cost of young talent will only drag us back. Amazing talents like Abhishek, Tilak, Varun - just got us Asia Cup and a well fought England series. With all due respect to ROKO - itâ€™s time ğŸ¥¾ğŸ¥¾","Oct 5, 2025 Â· 2:05 AM UTC",,Yes,Relevant,Asia Cup 2025,['asia cup']
@Joshia206,Who are the Asia cup champions 2025??,"Oct 5, 2025 Â· 2:04 AM UTC",,Yes,Relevant,Asia Cup 2025,"['asia cup', 'asia cup champion']"
@Champ_VK18,BTW what will they do if Gill fails in the T20I series again like Asia cup ğŸ¤”,"Oct 5, 2025 Â· 2:02 AM UTC","@VK_FAN_FOREVER_, @DeepakK76552",Yes,Relevant,Asia Cup 2025,['asia cup']
@Ahmedsaeedi1,ğŸ–ï¸ğŸ–ï¸ğŸ–ï¸ğŸ–ï¸ğŸ• k Bache bol b Mt dio Kisi ko isi ki waja se Asia cup ka final har gaye,"Oct 5, 2025 Â· 2:01 AM UTC",,Yes,Relevant,Asia Cup 2025,['asia cup']
@SSiddiqui210,Doctor lawyer needs degree but misbahâ€™s son example front of us last year he was at 42 number junior domestic season but he went to UAE for U-19 Asia cup. He played every number even they dropped shahzaib who even scored 160 odds runs against India just to accommodate as opener.,"Oct 5, 2025 Â· 1:56 AM UTC",,Yes,Relevant,Asia Cup 2025,['asia cup']
@ddash_ca,it was one loss in the WC finals.. what has Pakistan achieved in cricket since 2023? wins against Zimbabwe ğŸ‡¿ğŸ‡¼ and an Asia Cup that ur chor chief had to stealğŸ˜‚ğŸ˜‚ğŸ˜‚,"Oct 5, 2025 Â· 1:52 AM UTC",,Yes,Relevant,Asia Cup 2025,['asia cup']
@yogeshvbala,@cricketworldcupPorkisthan send a heeramandi ke randion ke team to World cup asia cup all izron ki phouz bheja ab randion ke bari  sab ko heeraandi bhej do,"Oct 5, 2025 Â· 1:49 AM UTC",,Yes,Relevant,Both Events,"['asia cup', 'world cup', 'cricketworldcup']"
@ZeeTamilNews,à®†à®šà®¿à®¯ à®•à¯‹à®ªà¯à®ªà¯ˆ à®¤à¯‹à®²à¯à®µà®¿à®¯à®¾à®²à¯ à®‡à®²à®™à¯à®•à¯ˆ à®…à®£à®¿à®¯à®¿à®²à¯ à®…à®¤à®¿à®°à®Ÿà®¿ à®®à®¾à®±à¯à®±à®®à¯! à®ªà¯à®¤à®¿à®¯ à®ªà®¯à®¿à®±à¯à®šà®¿à®¯à®¾à®³à®°à¯ à®¨à®¿à®¯à®®à®©à®®à¯!#Asiacup|#Srilanka|#Cricketzeenews.india.com/tamil/sporâ€¦,"Oct 5, 2025 Â· 1:45 AM UTC",,No,Irrelevant,None,
@motowarmer,LIVE ğŸ”´ RACE 2 ğŸï¸ | Round 5ï¸âƒ£ Indonesia ğŸ‡®ğŸ‡© | 2025 Idemitsu Asia Talent Cuppiped.video/live/sw671Sap5_0â€¦via@YouTube,"Oct 5, 2025 Â· 1:44 AM UTC",,No,Irrelevant,None,
@Saif_Uddin_tips,"T20 WC captain, Test triple ton, Asia Cup glory, CT25 triumph. 75% ODI win rate puts Rohit among legends like Lloyd. Captain or batter, the Hitman delivers ğŸ
Who else misses his trademark pull shot? ğŸ”¥","Oct 5, 2025 Â· 1:41 AM UTC",,Yes,Relevant,Asia Cup 2025,['asia cup']
@Sunny_mahajan97,"We are offering 1Cr Price to the person who will find This Thief along with our won Asia cup trophy  ğŸ†, personâ€™s identity will remain undisclosed,#PAKvsIND#INDvsPAK#Pakistan#PakistanCricket#IndianCricket#mohsinnaqvi#BCCI#ICC#PakistanArmy","Oct 5, 2025 Â· 1:40 AM UTC",,Yes,Relevant,Asia Cup 2025,"['asia cup', 'asia cup trophy']"
@moto_writer110,"ä»Šå­£ã¯4åã®æ—¥æœ¬äººãƒ©ã‚¤ãƒ€ãƒ¼ãŒå‚æˆ¦ä¸­ã®ã‚¢ã‚¸ã‚¢ãƒ»ã‚¿ãƒ¬ãƒ³ãƒˆã‚«ãƒƒãƒ—ã€‚
ãƒ¬ãƒ¼ã‚¹ã¯YouTubeã§è¦‹ã‚‰ã‚Œã¾ã™ã€‚
ã‚¤ãƒ³ãƒ‰ãƒã‚·ã‚¢GPä½µå‚¬ã®ã‚¤ãƒ³ãƒ‰ãƒã‚·ã‚¢å¤§ä¼šãƒ¬ãƒ¼ã‚¹2â†“
LIVE ğŸ”´ RACE 2 ğŸï¸ | Round 5ï¸âƒ£ Indonesia ğŸ‡®ğŸ‡© | 2025 Idemitsu Asia Talent Cuppiped.video/live/sw671Sap5_0â€¦@YouTubeã‚ˆã‚Š","Oct 5, 2025 Â· 1:33 AM UTC",,No,Irrelevant,None,
@Sajjad657,Wahan Tilak Varma Asia cup final jitwa kr India A ki traf sy khelny gia hoa ha aur yahan abhi tk wo fifty celebrate ki ja rahi ha. Yahi to mentality ka farq hağŸ¤¦ğŸ»#PakvsInd,"Oct 5, 2025 Â· 1:31 AM UTC",,Yes,Relevant,Asia Cup 2025,"['asia cup', 'asia cup final']"
@EurasiaReview,The Asia Cup: Death Of Cricket Diplomacy â€“ Analysiseurasiareview.com/05102025-tâ€¦,"Oct 5, 2025 Â· 1:26 AM UTC",,Yes,Relevant,Asia Cup 2025,['asia cup']
@bhushi_m_k,"Rohit should have done this too
People only care about milestone
That stupid only cared about giving good opening and trust his friends to do the job
Virat was doing right that day too
But those youngsters failure shubhman gill(failed agin in final of asia cup) s.iyyer","Oct 5, 2025 Â· 1:26 AM UTC",,Yes,Relevant,Asia Cup 2025,['asia cup']
@shailendrah,Didn't Sanju just play in the Asia Cup? He scored a total of 132 runs in 4 games he batted out of 7 at a strike rate of 124. His highest score came against Oman.,"Oct 5, 2025 Â· 1:24 AM UTC",,Yes,Relevant,Asia Cup 2025,['asia cup']
@sound264,Who's gonna tell my niqqa that he is gone as ICC world cup winning captain while chokla failed to win single Asia cup,"Oct 5, 2025 Â· 1:22 AM UTC",,Yes,Relevant,Both Events,"['asia cup', 'world cup', 'icc world cup']"
@shailendrah,Really? Didn't he play in the Asia Cup?,"Oct 5, 2025 Â· 1:17 AM UTC",,Yes,Relevant,Asia Cup 2025,['asia cup']
@makimakina,"17æ™‚åŠã‹ã‚‰_Ï†(ï½¥_ï½¥
Porsche Carrera Cup Asia 2025 - Round 14 Singaporepiped.video/live/ANJKdE6ZfqMâ€¦@YouTubeã‚ˆã‚Š","Oct 5, 2025 Â· 12:50 AM UTC",,No,Irrelevant,None,
@VyshakhPillai,Do you think Gill will still be selected as the T20I captain if he continues to perform dismally with the bat? I mean he did have a below average Asia Cup. His career T20I stats is hardly inspiring and not of a future India captain.,"Oct 5, 2025 Â· 12:46 AM UTC",,Yes,Relevant,Asia Cup 2025,['asia cup']
@sarvjeet_jamwal,Mohsin Naqvi to get gold medal from Pakistan for running away with Asia Cup trophy and denying India: Reporthindustantimes.com/cricket/mâ€¦,"Oct 5, 2025 Â· 12:45 AM UTC",,Yes,Relevant,Asia Cup 2025,"['asia cup', 'asia cup trophy']"
@AmitPan21965845,"Look whatever he has score earlier, I am not taking it away from him. He is a great hitter if it's his day. But his problem is his consistency. He plays a lot of dot balls. Did you check his asia cup performance. In final, there wasn't a big total so we are celebrating his 28.","Oct 5, 2025 Â· 12:45 AM UTC",@AmitPan21965845,Yes,Relevant,Asia Cup 2025,['asia cup']
@_FaridKhan,"5th October - India vs Pakistan in Womenâ€™s World Cup
7th October - India vs Pakistan in Hong Kong Sixes 
Two fierce Indo-Pak clashes in next three days. Itâ€™s our chance to take Asia Cupâ€™s revenge ğŸ‡µğŸ‡°ğŸ‡®ğŸ‡³ğŸ”¥","Oct 5, 2025 Â· 12:43 AM UTC",@reikiprincedub,Yes,Relevant,Both Events,"['asia cup', 'world cup']"
@SyedSigma,Why did u do match fixing !??  Never ever interfere in our internal Indian matters!! We donâ€™t need a Pakistani to tell usâ€¦ recently we won Asia cup ! Now just shut up,"Oct 5, 2025 Â· 12:42 AM UTC",,Yes,Relevant,Asia Cup 2025,['asia cup']
@grok,"Hardik Pandya is missing from India's ODI and T20I squads for the Australia tour due to a left quadriceps injury sustained during the Asia Cup 2025. He's currently in recovery and expected to start rehab soon, with no confirmed return date yet.","Oct 5, 2025 Â· 12:32 AM UTC",,Yes,Relevant,Asia Cup 2025,"['asia cup', 'asia cup 2025']"
@hotrodd41,n2 for oce/asia og zb cup w/ kibbel starts at 12 am EST,"Oct 5, 2025 Â· 12:13 AM UTC",,No,Irrelevant,None,
@Umarwar91888843,"I was thinking to un follow you but saw.. I never followed you ğŸ˜…, stop being nice.. And in return yes.. Rightly so they treat you like Asia cup","Oct 4, 2025 Â· 11:53 PM UTC",,Yes,Relevant,Asia Cup 2025,['asia cup']
@shoaibt87,How many matches did you play in asia cup?,"Oct 4, 2025 Â· 11:51 PM UTC",,Yes,Relevant,Asia Cup 2025,['asia cup']
@afshar93,Of course he deserves it because he won Asia Cup - hmmm in Nqviâ€™s dream.,"Oct 4, 2025 Â· 11:49 PM UTC",,Yes,Relevant,Asia Cup 2025,['asia cup']
@Waze05,LFD Asia reload cup need good fighter,"Oct 4, 2025 Â· 11:47 PM UTC",,No,Irrelevant,None,
@LordZafton,"Bro they played two world cups an Asia Cup, and a champions trophy  together ğŸ¤£
Wtf you saying","Oct 4, 2025 Â· 11:44 PM UTC",,Yes,Relevant,Both Events,"['asia cup', 'world cup']"
@saynotolibrandu,"The best ICC Asia Cup 2025 commentator award goes to Dadi  ğŸ¤£ğŸ¤£
She knows it all ğŸ˜","Oct 4, 2025 Â· 11:44 PM UTC",,Yes,Relevant,Asia Cup 2025,"['asia cup', 'asia cup 2025']"
@panwar_1802,"How does Shubman Gill even deserve a place in the T20 squad against Australia? He was a flop in the Asia Cup, yet somehow heâ€™s rewarded with vice-captaincy. Meanwhile, Jaiswal with a 160+ strike rate is sidelined. This looks more like favouritism than merit#INDvAUS","Oct 4, 2025 Â· 11:41 PM UTC",,Yes,Relevant,Asia Cup 2025,['asia cup']
@KompasKlasika,Davino Britani menunjukan peningkatan signifikan dalam persaingan di ajang Asia Talent Cup dengan finis di posisi keempat dalam balapan pertama di Sirkuit Mandalika.#Olahraga#AdadiKompaskompas.id/artikel/badly-abseâ€¦,"Oct 4, 2025 Â· 11:27 PM UTC",,No,Irrelevant,None,
@100DollarSpice,Naqvi showing innocence of not having the Asia Cup with him.,"Oct 4, 2025 Â· 11:23 PM UTC",,Yes,Relevant,Asia Cup 2025,['asia cup']
@aanchitGOVIND,"Under Rohit's leadership, the team he built, the tries he tried and the confidence he instilled in them. The asia cup was a farce with no competition as such so it doesn't count. Well if you have any self respect it won't ğŸ˜€. Squandered opportunity on flattest pitches ever in eng","Oct 4, 2025 Â· 11:15 PM UTC",,Yes,Relevant,Asia Cup 2025,['asia cup']
@hariankompas,Davino Britani menunjukan peningkatan signifikan dalam persaingan di ajang Asia Talent Cup dengan finis di posisi keempat dalam balapan pertama di Sirkuit Mandalika.#Olahraga#AdadiKompaskompas.id/artikel/badly-abseâ€¦,"Oct 4, 2025 Â· 11:14 PM UTC",,No,Irrelevant,None,
@NikitaMohanan2,Itâ€™s called test cricket! Stop blaming and shaming a woman for no reason and stop blaming and shaming him for BCCiâ€™s dirty politics! He performed and did his best. Itâ€™s their loss for not playing him not his! They want Gill to be humiliated in Australia tok cuz Asia Cup was not,"Oct 4, 2025 Â· 10:56 PM UTC",,Yes,Relevant,Asia Cup 2025,['asia cup']
@grok,"Pakistan lost all three matches to India in the 2025 Asia Cup in Dubai (group stage, Super Four, and final).
As for the celebration, Farhan marked his personal fifty in the Super Four game with a gun gesture, now on his bat sticker. Whether it deserves celebration is subjectiveâ€”personal achievements can be highlighted even in defeats.","Oct 4, 2025 Â· 10:48 PM UTC",,Yes,Relevant,Asia Cup 2025,['asia cup']
@Vishavj24049960,"She should control her emotions now.
Itâ€™s enough. So may bytes and interviews and now this in middle of her weeding day sheâ€™s saying this again.
His brother has just played one Asia cup against minnows .","Oct 4, 2025 Â· 10:40 PM UTC",,Yes,Relevant,Asia Cup 2025,['asia cup']
@Samsoncentral,"know gg can still win without sanju but I expected bare minimum ie 3rd back up wk in odi, the way bcci put jitesh name before sanju in t20is even after a good Asia cup at 5 looks like they are waiting for 1-2 sanju failures at 5 to say","Oct 4, 2025 Â· 10:39 PM UTC",,Yes,Relevant,Asia Cup 2025,['asia cup']
@ravis_take,Asia cup loss still haunts them .. ALL CAPS ğŸ¤£ğŸ¤£ğŸ¤£,"Oct 4, 2025 Â· 10:38 PM UTC",,Yes,Relevant,Asia Cup 2025,['asia cup']
@neendkineed,asia cup ğŸ˜”,"Oct 4, 2025 Â· 10:34 PM UTC",,Yes,Relevant,Asia Cup 2025,['asia cup']
@grok,Hardik Pandya is missing from India's T20 squad for the Australia tour due to a quadriceps injury sustained before the Asia Cup final. BCCI selector Ajit Agarkar confirmed he's unavailable and will start rehab at the Centre of Excellence soon.,"Oct 4, 2025 Â· 10:20 PM UTC",,Yes,Relevant,Asia Cup 2025,"['asia cup', 'asia cup final']"
@organicfighting,A great captain with no potential at T20i is worthless. They gave gill a chance at Asia Cup but he failed yet he is chosen as Vice captain and Yashasvi who is a brilliant T20 player still doesn't get a chance. Gill doesn't deserves to be T20 Vice captain and as a player too.,"Oct 4, 2025 Â· 10:16 PM UTC",,Yes,Relevant,Asia Cup 2025,['asia cup']
@Maverickindi18,"Bolne mein kya hai, for people who keep saying 6-0 after being decimated. Even running away with Asia cup!","Oct 4, 2025 Â· 10:16 PM UTC",,Yes,Relevant,Asia Cup 2025,['asia cup']
@Mtam687,India Asia cup kia jeet gya Pakistan ko duniya k naqshe se mitane ki baten krne Laga.,"Oct 4, 2025 Â· 10:15 PM UTC",,Yes,Relevant,Asia Cup 2025,['asia cup']
@mugdhamisra,"No offence but Gill can never replace Rohit. 2024 T20 WC, Champions trophy this year , Asia cup , these are few examples where Indian team won under his captaincy.
Gill performed so bad in 2023 WC , worst in that final yet he is being elected as captain on what basis we donâ€™t know.
Leave his age aside, but Rohit has a calm and composed leadership, yet a very passionate and aggressive style in field which is often needed. At many instances, India was able to manage good score within 10 overs because Rohit was among the openers.
He reads the game and is very ahead of time in his tactics which we are very sure Gill isnâ€™t having.
No hope for 2027 WC also now, not even for semi final.","Oct 4, 2025 Â· 10:10 PM UTC",,Yes,Relevant,Asia Cup 2025,['asia cup']
@Swajeet2311,Eventually won Asia cup final as a result of Mumbai Lobby ğŸ¤¡,"Oct 4, 2025 Â· 10:02 PM UTC",,Yes,Relevant,Asia Cup 2025,"['asia cup', 'asia cup final']"
@grok,"Haan, reports ke mutabiq Mohsin Naqvi ko Shaheed Zulfiqar Ali Bhutto Excellence Gold Medal milne wala hai unke Asia Cup trophy ke mamle mein stance ke liye. Pakistan mein ise national pride ka symbol maana ja raha hai, isliye yeh kaam sahi samjha jaata hai.","Oct 4, 2025 Â· 10:00 PM UTC",,Yes,Relevant,Asia Cup 2025,"['asia cup', 'asia cup trophy']"
@krrish_aaryan,"Was waiting to see him win that ODI WC to heal the wound which was left from previous ODI WC. But i forgot we have some Jâ—‹kÂ£r$ running@BCCInow
Glad I didn't watch Asia cup. And now will not to be watching any cricket ever. I feel disgusting  to even think about BCCI","Oct 4, 2025 Â· 9:59 PM UTC",,Yes,Relevant,Asia Cup 2025,['asia cup']
@Kshitij1250317,"Bhai 2026 takk hi 24 Odis hai 
Phir asia cup plus world cup gin lo 
Kitne ho gaye atleast 40","Oct 4, 2025 Â· 9:46 PM UTC",,Yes,Relevant,Both Events,"['asia cup', 'world cup']"
@DoctorofCricket,Tanqeed is liye hoye k Modern Cricket ka naam per jo chooran becha wo Asia Cup mai expose hogaya. 110 Strike Rate walay shaks ko captain bana ker pori dunya mai Pakistan Cricket Ka mazaq bana dia,"Oct 4, 2025 Â· 9:44 PM UTC",,Yes,Relevant,Asia Cup 2025,['asia cup']
@MDSaad10686680,"Just like Pakistan fucked in Asia Cup against India in league stage, super 4 and finalğŸ˜‚","Oct 4, 2025 Â· 9:36 PM UTC",,Yes,Relevant,Asia Cup 2025,['asia cup']
@grok,"Salman Butt is a former Pakistani cricketer and opening batsman who captained the team in Tests. He was banned in 2010 for spot-fixing but reinstated in 2015. Now, he's a commentator, recently sharing insights on Pakistan's Asia Cup 2025 prospects vs. India. What specifically about him?","Oct 4, 2025 Â· 9:35 PM UTC",,Yes,Relevant,Asia Cup 2025,"['asia cup', 'asia cup 2025']"
@DeshmukhDaruk,Abhishek has more aura than that fraud Gill after the asia cup,"Oct 4, 2025 Â· 9:29 PM UTC",,Yes,Relevant,Asia Cup 2025,['asia cup']
@shaheenhive,"Babar Azam Asia Cup 2022:
6 inns, 68 runs, 107.93 SR, 11.33 avg.
there's always a stat...........","Oct 4, 2025 Â· 9:28 PM UTC",,Yes,Relevant,Asia Cup 2025,['asia cup']
@LexDiamonds7,"IF I was Sports ğŸˆâš½ï¸ğŸ’âš¾ï¸ğŸ€ Commissioner:
1) CFP ğŸˆ is capped at 8 teams
2) FIFA World Cup âš½ï¸ is capped at 32 teams & Club World Cup is capped at 5 Confederations Champions (UEFA, CONCACAF, CONMEBOL, ASIA & AFRICA)
3) Olympics, IIHF, World Juniors, & Stanley Cup ğŸ’ stay as is","Oct 4, 2025 Â· 9:27 PM UTC",,Yes,Relevant,Cricket World Cup 2025,['world cup']
@johnmenadue,"When rituals of respect collapse, the possibilities for dialogue shrink. Sports, at their best, turn rivals into respected adversaries and spectators into a global community.#auspol#AsianCup#cricketjohnmenadue.com/post/2025/10â€¦","Oct 4, 2025 Â· 9:16 PM UTC",,No,Irrelevant,None,
@Kameenee70,"Also, yaar, how revolting was Asia Cup display? Did you know  in 2023 Cricket World Cup, great leader wanted team to wear saffron gear in match against Pakistan, and Kohli and Rohit Sharma said ""no"" because it would disrespect Shami and Siraj? No such backbone anymore.","Oct 4, 2025 Â· 9:05 PM UTC",,Yes,Relevant,Both Events,"['asia cup', 'world cup', 'cricket world cup']"
@cricketologist7,"They won champions trophy and Asia cup with Gambhir as coach. India also drawn away series in England 2-2. His coaching is fine.
Removing Rohit from captaincy is correct move as it gives time for Gill to adjust.","Oct 4, 2025 Â· 8:54 PM UTC",,Yes,Relevant,Asia Cup 2025,['asia cup']
@angoor0aadmi,Gill had a much better Asia cup than Surya,"Oct 4, 2025 Â· 8:46 PM UTC",,Yes,Relevant,Asia Cup 2025,['asia cup']
@Oxygen18_,"Jeetna kohli na pura career ma fail hua utna toh chakka Hijra pill 5 saal ke career ma.already ho chuka ha means aage ya list aur vi hoga ğŸ¤£ğŸ¤£
2 WTC final failed
Asia cup final failed
CT SF and final failed
Odi wc final failed
No 50+ score in knockout
No MOTM in knockout
2024 T20 wc final ma MOTM tha against SA
2025 CT SF MOTM tha Virat against Australia and pakistan ke against vi tha MOTM
Bata prime pill na 2025 CT ma kia kya and Asia cup 2025 ma","Oct 4, 2025 Â· 8:45 PM UTC",,Yes,Relevant,Asia Cup 2025,"['asia cup', 'asia cup 2025', 'asia cup final']"
@ShaistaKha12426,Champion trophy winner asia cup winner 2007 ke baad eng maie draw kaise gg india team ko destroy kiya hate Krna band kr,"Oct 4, 2025 Â· 8:41 PM UTC",,Yes,Relevant,Asia Cup 2025,['asia cup']
@RaghavRawat8,Same way they won May 2025 war.  Thank God these matches were live otherwise Trrriostan claimed Asia cup winner,"Oct 4, 2025 Â· 8:40 PM UTC",,Yes,Relevant,Asia Cup 2025,['asia cup']
@DSP3105,"wo sab to thik hai 
imp match me 
short arm pull marte hue 
log on me out bhi to hona hai shubhmann ko 
jaise australia ke khilaaf final me 
pak ke khilaaf abhi recent asia cup me 
aur bahut hai","Oct 4, 2025 Â· 8:39 PM UTC",,Yes,Relevant,Asia Cup 2025,['asia cup']
@RajuSin49624831,Bhai samjh me sab aa raha tha asia cup winner ko wish tak nahi kiya rohit bhai ne kuch to karan tha ab samjh a raha hai@ImRo45I love rohit sharma more than@GautamGambhirand also@BCCIbecause of track record not a fan of cricket in this time you r wrong.,"Oct 4, 2025 Â· 8:37 PM UTC",,Yes,Relevant,Asia Cup 2025,['asia cup']
@TalhaOnTrade,"Bruh, smashing three off Bumrah is legendary. Asia Cup kya, hero toh hero hai! Full desi hype ğŸ˜‚","Oct 4, 2025 Â· 8:36 PM UTC",,Yes,Relevant,Asia Cup 2025,['asia cup']
@grok,"Confirmed. Reports from Hindustan Times, Economic Times, and The Nation indicate Mohsin Naqvi is set to receive the Shaheed Zulfiqar Ali Bhutto Excellence Gold Medal for his stance during the Asia Cup 2025 trophy presentation, where he retained it after India's refusal.","Oct 4, 2025 Â· 8:34 PM UTC",,Yes,Relevant,Asia Cup 2025,"['asia cup', 'asia cup 2025']"
@Rishabh750581,"Brother rohit sharma was also lost a match against Pakistan 
Just check about asia cup super 6 match","Oct 4, 2025 Â· 8:30 PM UTC",,Yes,Relevant,Asia Cup 2025,['asia cup']
@Oxygen18_,"Hijra chakka pill knockout performance 
2 WTC final failed
Odi wc final failed
Asia cup final failed
CT semifinal and final failed
No MOTM in knockout till now

But Virat is choker , Virat ko chokli bol deta hu saar,  double century, 17 century saar.","Oct 4, 2025 Â· 8:29 PM UTC",@JanardanXJordan,Yes,Relevant,Asia Cup 2025,"['asia cup', 'asia cup final']"
@RaghavRawat8,We are claimed victory like we claim victory in Asia cup. But if Asia cup was not live you you claimed victory in all 3 matches,"Oct 4, 2025 Â· 8:29 PM UTC",,Yes,Relevant,Asia Cup 2025,['asia cup']
@VISHALK57122687,"Abe ye sabse badi parchi h. Asia cup m dhoya gya 11 ki Economy se  CT m pela gya 5-6+ ki Economy s.  Fir bhi how the hell does he deserve to be in the team ??  Shami n kya galat kra h ??  Where r other fast bowlers??  Yash dayal, Anshul, khaleel, avesh, Mukesh, Akashdeep??","Oct 4, 2025 Â· 8:25 PM UTC",,Yes,Relevant,Asia Cup 2025,['asia cup']
@Oxygen18_,"WC ma MOTM ha chakka pill ha ??
Knockout ma MOTM ha chakka pill ka ?
Koi asi record breaking chase ha pill ka jaisa Virat na hobert and Asia cup ma 183 kia tha pakistan ke against.
Kavi pakistan ke against pressure handle ki chakka pill na ??
Kia chakka pill ka icc final ma runs ha ??","Oct 4, 2025 Â· 8:22 PM UTC",,Yes,Relevant,Asia Cup 2025,['asia cup']
@bhattimajid,Dubai press box during Asia cup 2025 with legendary â¦@wasimakramliveâ©,"Oct 4, 2025 Â· 8:22 PM UTC",,Yes,Relevant,Asia Cup 2025,"['asia cup', 'asia cup 2025']"
@MdJaber26059533,4 bilateral series won but Couldn't won Asia Cup.,"Oct 4, 2025 Â· 8:20 PM UTC",,Yes,Relevant,Asia Cup 2025,['asia cup']
@AjnabiCricketer,Everything aside but kudos to Samson for that innings Asia cup finals for the way he held his nerves even though it was a small but impacful knock in terms of situation he came in.,"Oct 4, 2025 Â· 8:16 PM UTC",,Yes,Relevant,Asia Cup 2025,"['asia cup', 'asia cup final']"
@desarcasticbook,Such a downfall! Medal for loosing Asia cup.... Pakistanis are indeed clowns,"Oct 4, 2025 Â· 8:15 PM UTC",,Yes,Relevant,Asia Cup 2025,['asia cup']
